SongName,VocalTracks
Danzig - Mother.mogg_fixed.mogg_extract,12|13
Darkest Hour - Demon.mogg_fixed.mogg_extract,7|8
Darkest Of The Hillside Thickets - Shhh.mogg_fixed.mogg_extract,8|9|10|11
Dashboard Confessional - Hands Down.mogg_fixed.mogg_extract,14|15
David Bowie - Golden Years.mogg_fixed.mogg_extract,12|13|14|15
David Bowie - Let's Dance.mogg_fixed.mogg_extract,12|13
David Bowie - Space Oddity.mogg_fixed.mogg_extract,9|10
David Bowie - Suffragette City.mogg_fixed.mogg_extract,6|7
David Bowie - Ziggy Stardust.mogg_fixed.mogg_extract,7|8
Davidicus - You Really Like Me.mogg_fixed.mogg_extract,14|15
Dead Kennedys - Holiday In Cambodia.mogg_fixed.mogg_extract,10|11
Dead Kennedys - Police Truck.mogg_fixed.mogg_extract,10|11|12|13
Dealership - Database Corrupted.mogg_fixed.mogg_extract,7|8|9|10
Death Of The Cool - Can't Let Go.mogg_fixed.mogg_extract,10|11
Deep Purple - Highway Star.mogg_fixed.mogg_extract,9|10
Deep Purple - Smoke on the Water.mogg_fixed.mogg_extract,12|13
Deep Purple - Space Truckin'.mogg_fixed.mogg_extract,12|13
Def Leppard - Bringin' On The Heartbreak.mogg_fixed.mogg_extract,7|8|12|13|16|17
Def Leppard - Foolin'.mogg_fixed.mogg_extract,12|13
Def Leppard - Photograph.mogg_fixed.mogg_extract,10|11
Def Leppard - Rock Of Ages.mogg_fixed.mogg_extract,10|11
Deftones - Hole In The Earth.mogg_fixed.mogg_extract,7|8
Demi Lovato - Here We Go Again.mogg_fixed.mogg_extract,14|15
Depeche Mode - Never Let Me Down Again.mogg_fixed.mogg_extract,6|7
Dethklok - Bloodlines.mogg_fixed.mogg_extract,7|8
Dethklok - Laser Cannon Deth Sentence.mogg_fixed.mogg_extract,14|15
DevilDriver - Clouds Over California.mogg_fixed.mogg_extract,8|9
DevilDriver.mogg_fixed.mogg_extract,8|9
Devo - Girl U Want.mogg_fixed.mogg_extract,7|8|9|10|11|12
Devo - Uncontrollable Urge.mogg_fixed.mogg_extract,7|8|9|10
Devo - Whip It.mogg_fixed.mogg_extract,14|15
Di-Rect - Johnny.mogg_fixed.mogg_extract,14|15
Diamond Head - Am I Evil.mogg_fixed.mogg_extract,14|15
Die Toten Hosen - Hier Kommt Alex.mogg_fixed.mogg_extract,14|15
Dierks Bentley - Free And Easy (Down The Road I Go).mogg_fixed.mogg_extract,8|9
Dinosaur Jr - Feel The Pain.mogg_fixed.mogg_extract,12|13
Dinosaur Jr. - Feel the Pain.mogg_fixed.mogg_extract,2|3|9|10
Dio - Rainbow in the Dark.mogg_fixed.mogg_extract,10|11
Dire Straits - Money for Nothing.mogg_fixed.mogg_extract,7|8
Dire Straits - Sultans Of Swing.mogg_fixed.mogg_extract,10|11
Disturbed - Down With The Sickness.mogg_fixed.mogg_extract,14|15
Disturbed - Indestructable.mogg_fixed.mogg_extract,14|15
Disturbed - Indestructible.mogg_fixed.mogg_extract,9|10
Disturbed - Inside The Fire.mogg_fixed.mogg_extract,9|10
Disturbed - Perfect Insanity.mogg_fixed.mogg_extract,8|9
Disturbed - Stricken.mogg_fixed.mogg_extract,14|15
Don Liberati - Love Holds It Down.mogg_fixed.mogg_extract,14|15
Don McLean - American Pie.mogg_fixed.mogg_extract,14|15
Donnas - New Kid In School.mogg_fixed.mogg_extract,8|9|10|11
Dover - King George.mogg_fixed.mogg_extract,7|8
Dream Theater - A Rite Of Passage.mogg_fixed.mogg_extract,10|11
Dream Theater - Constant Motion.mogg_fixed.mogg_extract,8|9
Dream Theater - Nightmare To Remember.mogg_fixed.mogg_extract,10|11
Dream Theater - On The Backs Of Angels.mogg_fixed.mogg_extract,8|9
Dream Theater - Panic Attack.mogg_fixed.mogg_extract,8|9
Dream Theater - Pull Me Under.mogg_fixed.mogg_extract,12|13
Dream Theater - The Best Of Times.mogg_fixed.mogg_extract,8|9|10|11
Dream Theater - The Count Of Tuscany.mogg_fixed.mogg_extract,8|9|10|11
Dream Theater - The Shattered Fortress.mogg_fixed.mogg_extract,8|9|10|11
Dream Theater - Wither.mogg_fixed.mogg_extract,10|11
dredg - Gathering Pebbles.mogg_fixed.mogg_extract,16|17
Dropkick Murphys - I'm Shipping Up To Boston.mogg_fixed.mogg_extract,14|15
Drowning Pool - Bodies.mogg_fixed.mogg_extract,7|8
Duffy - Warwick Avenue.mogg_fixed.mogg_extract,14|15
Duran Duran - Girls On Film.mogg_fixed.mogg_extract,6|7|8|9|10|11
Duran Duran - Hungry Like The Wolf.mogg_fixed.mogg_extract,6|7
Duran Duran - Rio.mogg_fixed.mogg_extract,16|17
Eagles - Frail Grasp On The Big Picture.mogg_fixed.mogg_extract,14|15
Eagles - Hotel California.mogg_fixed.mogg_extract,12|13
Eagles - Life In The Fast Lane.mogg_fixed.mogg_extract,14|15
Eagles - One Of These Nights.mogg_fixed.mogg_extract,14|15
Eagles - Take It Easy.mogg_fixed.mogg_extract,16|17
Eagles Of Death Metal - Anything 'Cept The Truth.mogg_fixed.mogg_extract,14|15
Eagles Of Death Metal - I Only Want You.mogg_fixed.mogg_extract,2|3|12|13
Edgar Winter - Free Ride.mogg_fixed.mogg_extract,7|8
Editors - Munich.mogg_fixed.mogg_extract,14|15
Electric 6 - Gay Bar.mogg_fixed.mogg_extract,10|11
Elliott Smith - L.A..mogg_fixed.mogg_extract,4|5
Elton John - Crocodile Rock.mogg_fixed.mogg_extract,5|6
Elton John - Saturday Night's Alright (For Fighting).mogg_fixed.mogg_extract,12|13
Elvis Costello - Pump It Up.mogg_fixed.mogg_extract,8|9
Endeverafter - I Wanna Be Your Man.mogg_fixed.mogg_extract,8|9|10|11
Erasure - A Little Respect.mogg_fixed.mogg_extract,11|12
Europe - The Final Countdown.mogg_fixed.mogg_extract,9|10
Evancescene - Lithium.mogg_fixed.mogg_extract,6|7
Evanescence - Bring Me To Life.mogg_fixed.mogg_extract,14|15
Evanescence - Everybodys Fool.mogg_fixed.mogg_extract,7|8
Evanescence - What You Want.mogg_fixed.mogg_extract,6|7
Everclear - Santa Monica (Watch The World Die).mogg_fixed.mogg_extract,14|15
Everlife - Real Wild Child.mogg_fixed.mogg_extract,5|6
Evile - Thrasher.mogg_fixed.mogg_extract,8|9
Extreme - Play With Me.mogg_fixed.mogg_extract,12|13
Face To Face - Disconnected.mogg_fixed.mogg_extract,7|8
Faith No More - Epic.mogg_fixed.mogg_extract,14|15
Faith No More - Midlife Crisis.mogg_fixed.mogg_extract,13|14
Faith No More - We Care A Lot.mogg_fixed.mogg_extract,10|11|12|13
Fall Out Boy - America's Sweethearts.mogg_fixed.mogg_extract,0|1|8|9|20|21
"Fall Out Boy - Dance, Dance.mogg_fixed.mogg_extract",7|8
Fall Out Boy - I Don't Care.mogg_fixed.mogg_extract,9|10|11|12
"Fall Out Boy - Sugar, We're Going Down.mogg_fixed.mogg_extract",14|15
"Fall Out Boy - The Take Over, The Break's Over.mogg_fixed.mogg_extract",14|15
"Fall Out Boy - This Ain't A Scene, It's An Arms Race.mogg_fixed.mogg_extract",14|15
Fall Out Boy - Thks Fr Th Mmrs.mogg_fixed.mogg_extract,14|15
Filter - Take A Picture.mogg_fixed.mogg_extract,14|15
Finger Eleven - Paralyzer.mogg_fixed.mogg_extract,14|15
Finley - Adrenalina.mogg_fixed.mogg_extract,14|15
Finley - Tutto E' Possibile.mogg_fixed.mogg_extract,7|8|9|10
FIREWIND - World On Fire.mogg_fixed.mogg_extract,7|8
Fito & Fitipaldis - Por La Boca Vive El Pez.mogg_fixed.mogg_extract,14|15
Five Finger Death Punch - Hard to See.mogg_fixed.mogg_extract,7|8
Fleetwood Mac - Don't Stop.mogg_fixed.mogg_extract,9|10
Fleetwood Mac - Dreams.mogg_fixed.mogg_extract,12|13
Fleetwood Mac - Go Your Own Way.mogg_fixed.mogg_extract,12|13
Fleetwood Mac - Rhiannon.mogg_fixed.mogg_extract,12|13
Flight Of The Conchords - Business Time.mogg_fixed.mogg_extract,10|11
Flo Rida featuring T-Pain - Low (Travis Barker Remix).mogg_fixed.mogg_extract,14|15
Flogging Molly - (No More) Paddy's Lament.mogg_fixed.mogg_extract,12|13
Flogging Molly - Requiem For A Dying Song.mogg_fixed.mogg_extract,14|15
Flogging Molly - The Seven Deadly Sins.mogg_fixed.mogg_extract,14|15
Flyleaf - Again.mogg_fixed.mogg_extract,7|8
Flyleaf - I'm So Sick.mogg_fixed.mogg_extract,8|9|10|11
Foo Fighters - All My Life.mogg_fixed.mogg_extract,7|8
Foo Fighters - Best of You.mogg_fixed.mogg_extract,12|13
Foo Fighters - Breakout.mogg_fixed.mogg_extract,7|8|9|10
Foo Fighters - Doll.mogg_fixed.mogg_extract,7|8
Foo Fighters - Enough Space.mogg_fixed.mogg_extract,7|8
Foo Fighters - Everlong.mogg_fixed.mogg_extract,12|13
Foo Fighters - February Stars.mogg_fixed.mogg_extract,10|11|12|13
"Foo Fighters - Hey, Johnny Park!.mogg_fixed.mogg_extract",8|9
Foo Fighters - I'll Stick Around.mogg_fixed.mogg_extract,8|9
Foo Fighters - Learn To Fly.mogg_fixed.mogg_extract,9|10|13|14
Foo Fighters - Lonely As You.mogg_fixed.mogg_extract,9|10
Foo Fighters - Long Road To Ruin.mogg_fixed.mogg_extract,7|8
Frankie Goes To Hollywood - Relax.mogg_fixed.mogg_extract,10|11|12|13
Franz Ferdinand - Take Me Out.mogg_fixed.mogg_extract,10|11
Freezepop - Brainpower.mogg_fixed.mogg_extract,10|11
Freezepop - Sprode.mogg_fixed.mogg_extract,6|7
Garbage - I Think I'm Paranoid.mogg_fixed.mogg_extract,8|9
Garbage - Why Do You Love Me.mogg_fixed.mogg_extract,8|9
George Thorogood & The Destroyers - Bad to the Bone.mogg_fixed.mogg_extract,6|7|8|9
Ghost Hounds - Ashes To Fire.mogg_fixed.mogg_extract,8|9
GLADoS - Still Alive.mogg_fixed.mogg_extract,7|8
Godsmack - I Stand Alone.mogg_fixed.mogg_extract,14|15
Golden Earring - Radar Love.mogg_fixed.mogg_extract,8|9
Goo Goo Dolls - Name.mogg_fixed.mogg_extract,7|8
Good Charlotte - Girls & Boys.mogg_fixed.mogg_extract,9|10
Gorillaz - Feel Good Inc..mogg_fixed.mogg_extract,7|8
Gov't Mule - Streamline Woman.mogg_fixed.mogg_extract,7|8
Grand Funk Railroad - We're An American Band.mogg_fixed.mogg_extract,7|8
Grateful Dead - Alabama Getaway.mogg_fixed.mogg_extract,8|9
Grateful Dead - Casey Jones.mogg_fixed.mogg_extract,6|7|8|9
Grateful Dead - Franklin's Tower.mogg_fixed.mogg_extract,7|8|9|10
Grateful Dead - I Need A Miracle.mogg_fixed.mogg_extract,8|9|10|11
Grateful Dead - Sugar Magnolia.mogg_fixed.mogg_extract,7|8|9|10
Grateful Dead - Touch Of Grey.mogg_fixed.mogg_extract,10|11
Grateful Dead - Truckin'.mogg_fixed.mogg_extract,7|8|9|10
Green Day - 21 Guns.mogg_fixed.mogg_extract,8|9
Green Day - 21st Century Breakdown.mogg_fixed.mogg_extract,9|10
Green Day - American Eulogy.mogg_fixed.mogg_extract,8|9
Green Day - American Idiot.mogg_fixed.mogg_extract,8|9
Green Day - Are We The Waiting-St. Jimmy.mogg_fixed.mogg_extract,8|9
Green Day - Minority.mogg_fixed.mogg_extract,7|8
Green Day - Murder City.mogg_fixed.mogg_extract,9|10
Green Day - Nice Guys Finish Last.mogg_fixed.mogg_extract,8|9
Green Day - Peacemaker.mogg_fixed.mogg_extract,8|9
Green Day - Pulling Teeth.mogg_fixed.mogg_extract,7|8
Green Day - Restless Heart Syndrome.mogg_fixed.mogg_extract,6|7
Green Day - Sassafras Roots.mogg_fixed.mogg_extract,7|8
Green Day - See The Light.mogg_fixed.mogg_extract,8|9
Green Day - She.mogg_fixed.mogg_extract,8|9
Green Day - Song Of The Century.mogg_fixed.mogg_extract,0|1
Green Day - The Static Age.mogg_fixed.mogg_extract,8|9
Green Day - Viva La Gloria.mogg_fixed.mogg_extract,8|9
Green Day - Wake Me Up When September Ends.mogg_fixed.mogg_extract,6|7
Green Day - Warning.mogg_fixed.mogg_extract,8|9
Green Day - Welcome To Paradise.mogg_fixed.mogg_extract,8|9
Green Day - Whatsername.mogg_fixed.mogg_extract,6|7
Green Day - When I Come Around.mogg_fixed.mogg_extract,7|8
Guess Who - American Woman.mogg_fixed.mogg_extract,5|6|9|10
Guns & Roses - Shackler's Revenge.mogg_fixed.mogg_extract,10|11|12|13
Guns N Roses - Better.mogg_fixed.mogg_extract,9|10
Guns N Roses - Catcher In The Rye.mogg_fixed.mogg_extract,8|9
Guns N Roses - Chinese Democracy.mogg_fixed.mogg_extract,9|10
Guns N Roses - I.R.S.mogg_fixed.mogg_extract,9|10
Guns N Roses - If The World.mogg_fixed.mogg_extract,9|10
Guns N Roses - Madagascar.mogg_fixed.mogg_extract,6|7
Guns N Roses - Prostitute.mogg_fixed.mogg_extract,10|11
Guns N Roses - Riad 'N The Bedouins.mogg_fixed.mogg_extract,9|10
Guns N Roses - Scraped.mogg_fixed.mogg_extract,7|8
Guns N Roses - Shackler's Revenge.mogg_fixed.mogg_extract,10|11|12|13
Guns N Roses - Sorry.mogg_fixed.mogg_extract,9|10
Guns N Roses - Street Of Dreams.mogg_fixed.mogg_extract,7|8
Guns N Roses - There Was A Time.mogg_fixed.mogg_extract,8|9
Guns N Roses - This I Love.mogg_fixed.mogg_extract,8|9
H Is Orange - Nothing All The Time.mogg_fixed.mogg_extract,14|15
H-Blockx - Countdown To Insanity.mogg_fixed.mogg_extract,9|10|11|12
Harvey Danger - Cream And Bastards Rise.mogg_fixed.mogg_extract,10|11
Heart - Barracuda.mogg_fixed.mogg_extract,12|13
Helmet - Unsung (Live).mogg_fixed.mogg_extract,12|13
Hilary Duff - So Yesterday.mogg_fixed.mogg_extract,14|15
HIM - Killing Loneliness.mogg_fixed.mogg_extract,12|13
HIM - Wings Of A Butterfly.mogg_fixed.mogg_extract,7|8
Hinder - Lips Of An Angel.mogg_fixed.mogg_extract,14|15
Hinder - Use Me.mogg_fixed.mogg_extract,14|15
Hives - Main Offender.mogg_fixed.mogg_extract,7|8|11|12
Hole - Celebrity Skin.mogg_fixed.mogg_extract,8|9|12|13
Hollywood Undead - Young.mogg_fixed.mogg_extract,8|9
Hot Hot Heat - Bandages.mogg_fixed.mogg_extract,8|9
Housse De Racket - Oh Yeah!.mogg_fixed.mogg_extract,12|13
Huey Lewis and the News - The Power of Love.mogg_fixed.mogg_extract,5|6|12|13
Human League - Don't You Want Me.mogg_fixed.mogg_extract,11|12
Hundred Reasons - I'll Never Know.mogg_fixed.mogg_extract,12|13
Hushpuppies - You're Gonna Say Yeah.mogg_fixed.mogg_extract,12|13
Hypernova - Viva la Resistance.mogg_fixed.mogg_extract,11|12
I Fight Dragons - Money.mogg_fixed.mogg_extract,30|31
I Fight Dragons - No One Likes Superman.mogg_fixed.mogg_extract,8|9|10|11
I Mother Earth - Levitate.mogg_fixed.mogg_extract,6|7
Ida Maria - Oh My God.mogg_fixed.mogg_extract,13|14
Iggy Pop - The Passenger.mogg_fixed.mogg_extract,9|10
In Flames - Disconnected.mogg_fixed.mogg_extract,14|15
In This Moment - Forever.mogg_fixed.mogg_extract,2|3|9|10|11|12
Incubus - Dig.mogg_fixed.mogg_extract,9|10
Incubus - Drive.mogg_fixed.mogg_extract,12|13
Incubus - Stellar.mogg_fixed.mogg_extract,12|13
"Innerpartysystem - Die Tonight, Live Forever.mogg_fixed.mogg_extract",10|11|12|13
Innerpartysystem - Don't Stop.mogg_fixed.mogg_extract,8|9|12|13
Innerpartysystem - Heart Of Fire.mogg_fixed.mogg_extract,10|11|12|13
Innerpartysystem - It's Not Getting Any Better.mogg_fixed.mogg_extract,10|11
Innerpartysystem - Last Night In Brooklyn.mogg_fixed.mogg_extract,14|15|20|21
Innerpartysystem - Obsession.mogg_fixed.mogg_extract,12|13|14|15
Interpol - Obstacle 1.mogg_fixed.mogg_extract,12|13
INXS - Need You Tonight.mogg_fixed.mogg_extract,13|14
Iron Maiden - 2 Minutes To Midnight.mogg_fixed.mogg_extract,7|8
Iron Maiden - Aces High (live).mogg_fixed.mogg_extract,8|9
Iron Maiden - Can I Play With Madness.mogg_fixed.mogg_extract,8|9
Iron Maiden - Fear Of The Dark (live).mogg_fixed.mogg_extract,8|9
Iron Maiden - Hallowed Be Thy Name (live).mogg_fixed.mogg_extract,8|9
Iron Maiden - Iron Maiden (live).mogg_fixed.mogg_extract,8|9
Iron Maiden - Powerslave.mogg_fixed.mogg_extract,2|3|15|16
Iron Maiden - Run to the Hills (cover).mogg_fixed.mogg_extract,8|9|10|11|12|13
Iron Maiden - The Clairvoyant.mogg_fixed.mogg_extract,8|9
Iron Maiden - The Number Of The Beast.mogg_fixed.mogg_extract,8|9
Iron Maiden - The Trooper.mogg_fixed.mogg_extract,12|13
Iron Maiden - Wasted Years.mogg_fixed.mogg_extract,6|7
J. Geils Band - Centerfold.mogg_fixed.mogg_extract,7|8|12|13
J. Geils Band - Freeze Frame.mogg_fixed.mogg_extract,12|13
Jack White & Alicia Keys - Another Way To Die.mogg_fixed.mogg_extract,14|15
James Brown - Get Up (I Feel Like A) Sex Machine.mogg_fixed.mogg_extract,5|6
James Brown - I Got You (I Feel Good).mogg_fixed.mogg_extract,4|5|10|11|12|13
Jane's Addiction - Chip Away.mogg_fixed.mogg_extract,10|11
Jane's Addiction - Irresistable Force.mogg_fixed.mogg_extract,10|11|12|13
Jane's Addiction - Mountain Song.mogg_fixed.mogg_extract,12|13
Jane's Addiction - Stop!.mogg_fixed.mogg_extract,12|13
Jane's Addiction - Whores.mogg_fixed.mogg_extract,8|9|10|11
Janet Jackson - Black Cat.mogg_fixed.mogg_extract,14|15
Jason Derulo - Don't Wanna Go Home.mogg_fixed.mogg_extract,8|9|10|11
Jeff Beck - Scatterbrain (Live).mogg_fixed.mogg_extract,4|5
Jesse McCartney - Beautiful Soul.mogg_fixed.mogg_extract,14|15
Jethro Tull - Aqualung.mogg_fixed.mogg_extract,5|6|9|10
Jethro Tull - Hymn 43.mogg_fixed.mogg_extract,5|6|7|8
Jimmy Buffet - Cheeseburger In Paradise.mogg_fixed.mogg_extract,9|10
Jimmy Buffet - Margaritaville.mogg_fixed.mogg_extract,9|10
Jimmy Buffet - Volcano.mogg_fixed.mogg_extract,8|9
Jimmy Eat World - Pain.mogg_fixed.mogg_extract,12|13
Jimmy Eat World - The Middle.mogg_fixed.mogg_extract,12|13
Joan Jett & The Blackhearts - Bad Reputation.mogg_fixed.mogg_extract,14|15
Joan Jett and the Blackhearts - I Love Rock 'n Roll.mogg_fixed.mogg_extract,10|11
Joe Bonamassa - Lonesome Road Blues.mogg_fixed.mogg_extract,14|15
John Lennon - Gimme Some Truth.mogg_fixed.mogg_extract,4|5|10|11
John Lennon - How Do You Sleep.mogg_fixed.mogg_extract,10|11
John Lennon - How.mogg_fixed.mogg_extract,8|9
John Lennon - I Don't Want To Be A Soldier.mogg_fixed.mogg_extract,10|11
John Lennon - Imagine.mogg_fixed.mogg_extract,8|9
John Lennon - It's So Hard.mogg_fixed.mogg_extract,10|11
John Lennon - Jealous Guy.mogg_fixed.mogg_extract,10|11
John Lennon - Oh My Love.mogg_fixed.mogg_extract,8|9
John Lennon - Oh Yoko.mogg_fixed.mogg_extract,10|11
John Lennon And The Plastic Ono Band - Happy XMas (War Is Over).mogg_fixed.mogg_extract,10|11
John Mellencamp - Hurts So Good.mogg_fixed.mogg_extract,7|8
"Johnny Cash - Cry, Cry, Cry.mogg_fixed.mogg_extract",9|10
Johnny Cash - Don't Take Your Guns To Town.mogg_fixed.mogg_extract,10|11
Johnny Cash - Folsom Prison Blues.mogg_fixed.mogg_extract,8|9
Johnny Cash - I Got Stripes.mogg_fixed.mogg_extract,10|11
Johnny Cash - I Walk The Line.mogg_fixed.mogg_extract,8|9
Johnny Cash - Ring Of Fire.mogg_fixed.mogg_extract,7|8
Johnny Cash - The Ballad Of Ira Hayes.mogg_fixed.mogg_extract,8|9
Jonathan Coulton - Chiron Beta Prime.mogg_fixed.mogg_extract,17|18
Jonathan Coulton - Creepy Doll.mogg_fixed.mogg_extract,19|20
Jonathan Coulton - I'm Your Moon.mogg_fixed.mogg_extract,10|11
Jonathan Coulton - Mr. Fancy Pants.mogg_fixed.mogg_extract,10|11
Jonathan Coulton - Shop Vac.mogg_fixed.mogg_extract,19|20
Jonathan Coulton - Still Alive.mogg_fixed.mogg_extract,7|8
Jonathan Coulton - You Ruined Everything.mogg_fixed.mogg_extract,10|11
Journey - Any Way You Want It.mogg_fixed.mogg_extract,9|10|13|14
Judas Priest - (Take These) Chains.mogg_fixed.mogg_extract,8|9
Judas Priest - Bloodstone.mogg_fixed.mogg_extract,9|10
Judas Priest - Devil's Child.mogg_fixed.mogg_extract,9|10
Judas Priest - Electric Eye.mogg_fixed.mogg_extract,10|11
Judas Priest - Fever.mogg_fixed.mogg_extract,9|10
Judas Priest - Hell Bent For Leather.mogg_fixed.mogg_extract,14|15
Judas Priest - Pain And Pleasure.mogg_fixed.mogg_extract,9|10|11|12
Judas Priest - Painkiller.mogg_fixed.mogg_extract,12|13
Judas Priest - Riding On The Wind.mogg_fixed.mogg_extract,9|10
Judas Priest - Screaming For Vengeance.mogg_fixed.mogg_extract,8|9
Judas Priest - You Got Another Thing Comin'.mogg_fixed.mogg_extract,9|10
Kaiser Chiefs - Ruby.mogg_fixed.mogg_extract,8|9
Kansas - Carry On Wayward Son.mogg_fixed.mogg_extract,12|13
Kasabian - Shoot The Runner.mogg_fixed.mogg_extract,6|7|8|9
Katrina And The Waves - Walking On Sunshine.mogg_fixed.mogg_extract,14|15
Kent - Vinternoll2.mogg_fixed.mogg_extract,12|13
KFMDM - A Drug Against War.mogg_fixed.mogg_extract,6|7
KFMDM - Juke Joint Jezebel.mogg_fixed.mogg_extract,6|7
Killswitch Engage - My Curse.mogg_fixed.mogg_extract,6|7
Killswitch Engage - The End of Heartache.mogg_fixed.mogg_extract,12|13
Kings Of Leon - Sex On Fire.mogg_fixed.mogg_extract,7|8
KISS - I Was Made For Lovin' You.mogg_fixed.mogg_extract,14|15
KISS - Lick It Up.mogg_fixed.mogg_extract,14|15
KISS - Love Gun.mogg_fixed.mogg_extract,7|8
KISS - Modern Day Delilah.mogg_fixed.mogg_extract,14|15
KISS - Rock and Roll All Nite.mogg_fixed.mogg_extract,12|13
Knack - My Sharona (cover).mogg_fixed.mogg_extract,2|3|9|10|11|12
KoRn - Freak On A Leash.mogg_fixed.mogg_extract,12|13
KoRn - Word Up.mogg_fixed.mogg_extract,8|9
KT Tunstall - Black Horse And The Cherry Tree.mogg_fixed.mogg_extract,14|15
KT Tunstall - Suddenly I See.mogg_fixed.mogg_extract,6|7|8|9
Kutless - The Feeling.mogg_fixed.mogg_extract,9|10|11|12
Kylie Minogue - All The Lovers.mogg_fixed.mogg_extract,4|5|6|7|12|13
Kyuss - Demon Cleaner.mogg_fixed.mogg_extract,14|15
L7 - Pretend We're Dead.mogg_fixed.mogg_extract,8|9
La Roux - Bulletproof.mogg_fixed.mogg_extract,12|13|18|19
Lacuna Coil - Closer.mogg_fixed.mogg_extract,7|8
Lacuna Coil - Our Truth.mogg_fixed.mogg_extract,12|13
Lacuna Coil - Survive.mogg_fixed.mogg_extract,6|7
Lacuna Coil - Swamped.mogg_fixed.mogg_extract,9|10
Lady Gaga - Bad Romance.mogg_fixed.mogg_extract,6|7
Lady Gaga - Just Dance.mogg_fixed.mogg_extract,12|13
Lady Gaga - LoveGame.mogg_fixed.mogg_extract,6|7|8|9
Lady Gaga - Monster.mogg_fixed.mogg_extract,12|13
Lady Gaga - Paparazzi.mogg_fixed.mogg_extract,4|5|10|11
Lady Gaga - Poker Face.mogg_fixed.mogg_extract,11|12
Lady Gaga featuring Beyoncé - Telephone.mogg_fixed.mogg_extract,12|13|16|17|18|19
Lamb Of God - Again We Rise.mogg_fixed.mogg_extract,12|13|14|15
Lamb Of God - Beating On Death's Door.mogg_fixed.mogg_extract,10|11
Lamb Of God - Blacken The Cursed Sun.mogg_fixed.mogg_extract,12|13|14|15
Lamb Of God - Broken Hands.mogg_fixed.mogg_extract,6|7
Lamb Of God - Choke Sermon.mogg_fixed.mogg_extract,6|7
Lamb Of God - Contractor.mogg_fixed.mogg_extract,6|7
Lamb Of God - Dead Seeds.mogg_fixed.mogg_extract,6|7
Lamb Of God - Descending.mogg_fixed.mogg_extract,12|13
Lamb Of God - Everything To Nothing.mogg_fixed.mogg_extract,6|7
Lamb Of God - Fake Messiah.mogg_fixed.mogg_extract,6|7
Lamb Of God - Foot To The Throat.mogg_fixed.mogg_extract,14|15
Lamb Of God - Forgotten (Lost Angels).mogg_fixed.mogg_extract,12|13
Lamb Of God - Grace.mogg_fixed.mogg_extract,6|7
Lamb Of God - In Your Words.mogg_fixed.mogg_extract,6|7
Lamb Of God - Laid to Rest.mogg_fixed.mogg_extract,12|13
Lamb Of God - Reclamation.mogg_fixed.mogg_extract,6|7
Lamb Of God - Redneck.mogg_fixed.mogg_extract,14|15
Lamb Of God - Requiem.mogg_fixed.mogg_extract,12|13|14|15
Lamb Of God - Set To Fail.mogg_fixed.mogg_extract,6|7
Lamb Of God - Shoulder Of Your God.mogg_fixed.mogg_extract,6|7
Lamb Of God - The Passing.mogg_fixed.mogg_extract,0|1
Lamb Of God - Walk With Me In Hell.mogg_fixed.mogg_extract,12|13
Lamb Of God - We Die Alone.mogg_fixed.mogg_extract,6|7
Len Price 3 - If I Ain't Got You.mogg_fixed.mogg_extract,6|7|8|9
Lenny Kravitz - Are You Gonna Go My Way.mogg_fixed.mogg_extract,12|13
Lenny Kravitz - Fly Away.mogg_fixed.mogg_extract,12|13
Lenny Kravitz - Lady.mogg_fixed.mogg_extract,12|13
Lenny Kravitz - Let Love Rule.mogg_fixed.mogg_extract,14|15
Les Rita Mitsouko - C'est Comme Ca.mogg_fixed.mogg_extract,12|13
Les Wampas - Manu Chao.mogg_fixed.mogg_extract,7|8
"Lesley Roy - I'm Gone, I'm Going.mogg_fixed.mogg_extract",8|9|10|11
Libyans - Welcome To The Neighborhood.mogg_fixed.mogg_extract,7|8
Lily Allen - 22.mogg_fixed.mogg_extract,0|1|10|11
Lily Allen - Back To The Start.mogg_fixed.mogg_extract,0|1|8|9|10|11
Lily Allen - Chinese.mogg_fixed.mogg_extract,10|11
Lily Allen - Everyone's At It.mogg_fixed.mogg_extract,2|3|6|7|8|9
Lily Allen - Fuck You.mogg_fixed.mogg_extract,0|1|10|11
Lily Allen - He Wasn't There.mogg_fixed.mogg_extract,8|9
Lily Allen - Him.mogg_fixed.mogg_extract,8|9
Lily Allen - I Could Say.mogg_fixed.mogg_extract,2|3|8|9
Lily Allen - Never Gonna Happen.mogg_fixed.mogg_extract,0|1|10|11
Lily Allen - Not Fair.mogg_fixed.mogg_extract,6|7|10|11
Lily Allen - Take What You Take.mogg_fixed.mogg_extract,14|15
Lily Allen - The Fear.mogg_fixed.mogg_extract,0|1|10|11
Lily Allen - Who'd Have Known.mogg_fixed.mogg_extract,0|1|10|11
Limp Bizkit - Nookie.mogg_fixed.mogg_extract,14|15
Linkin Park - Bleed It Out.mogg_fixed.mogg_extract,7|8
Linkin Park - Burning In The Skies.mogg_fixed.mogg_extract,16|17
Linkin Park - In The End.mogg_fixed.mogg_extract,14|15
Linkin Park - Numb.mogg_fixed.mogg_extract,10|11
Linkin Park - One Step Closer.mogg_fixed.mogg_extract,8|9|10|11
Linkin Park - Somewhere I Belong.mogg_fixed.mogg_extract,14|15
Linkin Park - The Messenger.mogg_fixed.mogg_extract,2|3
Linkin Park - Waiting For The End.mogg_fixed.mogg_extract,12|13
Linkin Park - What Ive Done.mogg_fixed.mogg_extract,12|13
Linkin Park - Wretches And Kings.mogg_fixed.mogg_extract,14|15
Lit - My Own Worst Enemy.mogg_fixed.mogg_extract,9|10
Live - I Alone.mogg_fixed.mogg_extract,6|7
Live - Lightning Crashes.mogg_fixed.mogg_extract,8|9
Living Colour - Cult of Personality (2007 Re-Recording).mogg_fixed.mogg_extract,12|13
Locksley - Don't Make Me Wait.mogg_fixed.mogg_extract,8|9
Locksley - She Does.mogg_fixed.mogg_extract,7|8
Loquillo y Trogloditas - Cadillac Solitario (live).mogg_fixed.mogg_extract,14|15
Lordi - Hard Rock Hallelujah.mogg_fixed.mogg_extract,12|13
Los Lobos - La Bamba.mogg_fixed.mogg_extract,12|13|14|15
Lostprophets - Rooftops (A Liberation Broadcast).mogg_fixed.mogg_extract,12|13
Love and Rockets - Mirror People.mogg_fixed.mogg_extract,7|8
Lush - De-Luxe.mogg_fixed.mogg_extract,9|10|11|12
Lush - Deluxe.mogg_fixed.mogg_extract,9|10|11|12
Lynyrd Skynyrd - Free Bird.mogg_fixed.mogg_extract,12|13
Lynyrd Skynyrd - Gimme Three Steps.mogg_fixed.mogg_extract,12|13
Lynyrd Skynyrd - Simple Man.mogg_fixed.mogg_extract,14|15
Lynyrd Skynyrd - Sweet Home Alabama (live).mogg_fixed.mogg_extract,12|13
Lynyrd Skynyrd - Tuesday's Gone.mogg_fixed.mogg_extract,14|15
Mötley Crüe - Don't Go Away Mad (Just Go Away).mogg_fixed.mogg_extract,8|9
Mötley Crüe - Down At The Whiskey.mogg_fixed.mogg_extract,7|8|9|10
Mötley Crüe - Dr Feelgood.mogg_fixed.mogg_extract,9|10
Mötley Crüe - Face Down In The Dirt.mogg_fixed.mogg_extract,8|9|10|11
Mötley Crüe - Girls Girls Girls.mogg_fixed.mogg_extract,14|15
Mötley Crüe - Kickstart My Heart.mogg_fixed.mogg_extract,9|10
Mötley Crüe - Looks That Kill.mogg_fixed.mogg_extract,7|8
Mötley Crüe - Rattlesnake Shake.mogg_fixed.mogg_extract,6|7|8|9|10|11
Mötley Crüe - Same Ol' Situation (S.O.S.).mogg_fixed.mogg_extract,10|11
Mötley Crüe - She Goes Down.mogg_fixed.mogg_extract,6|7|8|9|10|11
Mötley Crüe - Shout at the Devil.mogg_fixed.mogg_extract,12|13
Mötley Crüe - Slice Of Your Pie.mogg_fixed.mogg_extract,6|7|8|9|10|11
Mötley Crüe - Time For Change.mogg_fixed.mogg_extract,9|10
Mötley Crüe - Without You.mogg_fixed.mogg_extract,8|9
Maroon 5 - This Love.mogg_fixed.mogg_extract,14|15
Marvin Gaye - I Heard It Through The Grapevine.mogg_fixed.mogg_extract,14|15
Marvin Gaye and Tammi Terrell - Ain't No Mountain High Enough.mogg_fixed.mogg_extract,6|7
Mastodon - Blood And Thunder.mogg_fixed.mogg_extract,14|15
Matchbox 20 - Real World.mogg_fixed.mogg_extract,7|8
MC5's Wayne Kramer - Kick Out The Jams.mogg_fixed.mogg_extract,12|13
Megadeth - Bad Omen.mogg_fixed.mogg_extract,9|10
Megadeth - Devil's Island.mogg_fixed.mogg_extract,9|10
Megadeth - Good Mourning-Black Friday.mogg_fixed.mogg_extract,9|10
Megadeth - Hangar 18.mogg_fixed.mogg_extract,14|15
Megadeth - I Ain't Superstitious.mogg_fixed.mogg_extract,9|10
Megadeth - My Last Words.mogg_fixed.mogg_extract,9|10
Metric - Help I'm Alive.mogg_fixed.mogg_extract,10|11|12|13
Metric - Satellite Mind.mogg_fixed.mogg_extract,3|4|7|8|9|10
Metric - Sick Muse.mogg_fixed.mogg_extract,7|8|9|10
Metric - Stadium Love.mogg_fixed.mogg_extract,6|7|8|9
Michael Jackson - Beat It.mogg_fixed.mogg_extract,12|13
Michael Schenker Group - Armed & Ready.mogg_fixed.mogg_extract,9|10
Mighty Mighty Bosstones - Where'd You Go.mogg_fixed.mogg_extract,7|8|9|10
Mile Marker Zero - Laceration.mogg_fixed.mogg_extract,6|7|8|9
Miley Cyrus - 7 Things.mogg_fixed.mogg_extract,14|15
Misfits - Astro Zombies.mogg_fixed.mogg_extract,12|13
Mission Of Burma - Mica.mogg_fixed.mogg_extract,6|7|8|9|10|11
Mission Of Burma - That's How I Escaped My Certain Fate.mogg_fixed.mogg_extract,6|7|8|9|10|11
Mission Of Burma - That's When I Reach For My Revolver.mogg_fixed.mogg_extract,6|7|8|9|10|11
Modest Mouse - Float On.mogg_fixed.mogg_extract,12|13
Molly Hatchet - Flirtin' With Disaster.mogg_fixed.mogg_extract,9|10
Motörhead - Ace of Spades.mogg_fixed.mogg_extract,14|15
Motörhead - Iron Fist.mogg_fixed.mogg_extract,14|15
Motörhead - Jailbait.mogg_fixed.mogg_extract,14|15
Motörhead - Killed By Death '08.mogg_fixed.mogg_extract,6|7
Motörhead - Love Me Like A Reptile.mogg_fixed.mogg_extract,12|13
Motörhead - Overkill.mogg_fixed.mogg_extract,12|13
Mother Hips - Time We Had.mogg_fixed.mogg_extract,8|9|10|11
Motley Crue - Saints of Los Angeles.mogg_fixed.mogg_extract,8|9
Motorhead - Ace of Spades.mogg_fixed.mogg_extract,8|9
Muffs - Kids in America.mogg_fixed.mogg_extract,9|10
Muse - Assassin.mogg_fixed.mogg_extract,12|13
Muse - Butterflies And Hurricanes.mogg_fixed.mogg_extract,12|13|14|15
Muse - Hysteria.mogg_fixed.mogg_extract,8|9
Muse - Muscle Museum.mogg_fixed.mogg_extract,30|31
Muse - Starlight.mogg_fixed.mogg_extract,6|7
Muse - Supermassive Blackhole.mogg_fixed.mogg_extract,10|11
Muse - Uprising.mogg_fixed.mogg_extract,7|8
My Chemical Romance - Bulletproof Heart.mogg_fixed.mogg_extract,7|8
My Chemical Romance - I'm Not Okay (I Promise).mogg_fixed.mogg_extract,7|8
My Chemical Romance - Planetary (Go!).mogg_fixed.mogg_extract,22|23|24|25
My Chemical Romance - Teenagers.mogg_fixed.mogg_extract,7|8
My Chemical Romance - Welcome To The Black Parade.mogg_fixed.mogg_extract,7|8
Myriad - A Clean Shot.mogg_fixed.mogg_extract,10|11
Nada Surf - Hi-Speed Soul.mogg_fixed.mogg_extract,14|15
Naked Brothers Band - I Don't Want To Go To School.mogg_fixed.mogg_extract,5|6
Nancy Fullforce - RockNRola.mogg_fixed.mogg_extract,14|15
Nazareth - Hair Of The Dog.mogg_fixed.mogg_extract,6|7
Negramaro - Nuvole E Lenzuola.mogg_fixed.mogg_extract,12|13
Negrita - Mama Maè.mogg_fixed.mogg_extract,14|15
Neil Young - Rockin' In the Free World.mogg_fixed.mogg_extract,7|8
Nelly Furtado - Turn Off The Light.mogg_fixed.mogg_extract,14|15
New Pornographers - Electric Version.mogg_fixed.mogg_extract,8|9
Nickelback - Because Of You.mogg_fixed.mogg_extract,12|13
Nickelback - Burn It To The Ground.mogg_fixed.mogg_extract,8|9|10|11
Nickelback - How You Remind Me.mogg_fixed.mogg_extract,7|8
Nickelback - Rockstar.mogg_fixed.mogg_extract,8|9|10|11
Night Ranger - (You Can Still) Rock In America.mogg_fixed.mogg_extract,7|8
Night Ranger - Sister Christian.mogg_fixed.mogg_extract,14|15
Nine Inch Nails - March of the Pigs.mogg_fixed.mogg_extract,4|5|6|7
Nine Inch Nails - The Collector.mogg_fixed.mogg_extract,6|7
Nine Inch Nails - The Hand That Feeds.mogg_fixed.mogg_extract,10|11
Nine Inch Nails - The Perfect Drug.mogg_fixed.mogg_extract,6|7
Nirvana - About a Girl (Unplugged Live).mogg_fixed.mogg_extract,12|13
Nirvana - Drain You.mogg_fixed.mogg_extract,8|9|10|11
Nirvana - In Bloom.mogg_fixed.mogg_extract,8|9|10|11|12|13
Nirvana - Lounge Act.mogg_fixed.mogg_extract,10|11
Nirvana - On A Plain.mogg_fixed.mogg_extract,8|9|10|11
Nirvana - Polly.mogg_fixed.mogg_extract,5|6|7|8
Nirvana - School.mogg_fixed.mogg_extract,8|9
Nirvana - Sliver.mogg_fixed.mogg_extract,12|13
Nirvana - Smells Like Teen Spirit.mogg_fixed.mogg_extract,10|11
Nirvana - Something In The Way.mogg_fixed.mogg_extract,8|9
Nirvana - Stay Away.mogg_fixed.mogg_extract,12|13
Nirvana - Territorial Pissings.mogg_fixed.mogg_extract,9|10
No Doubt - Bathwater.mogg_fixed.mogg_extract,9|10
No Doubt - Don't Speak.mogg_fixed.mogg_extract,1|2|8|9
No Doubt - Excuse Me Mr.mogg_fixed.mogg_extract,7|8|9|10
No Doubt - Hella Good.mogg_fixed.mogg_extract,8|9
No Doubt - It's My Life.mogg_fixed.mogg_extract,9|10
No Doubt - Just A Girl.mogg_fixed.mogg_extract,8|9|10|11
No Doubt - New.mogg_fixed.mogg_extract,14|15
No Doubt - Running.mogg_fixed.mogg_extract,8|9
No Doubt - Spiderwebs.mogg_fixed.mogg_extract,12|13
No Doubt - Sunday Morning.mogg_fixed.mogg_extract,1|2|8|9|10|11
No Doubt - Underneath It All.mogg_fixed.mogg_extract,8|9|10|11
NOFX - Soul Doubt.mogg_fixed.mogg_extract,12|13
Norman Greenbaum - Spirit In The Sky.mogg_fixed.mogg_extract,5|6|9|10
Oasis - Ain't Got Nothin'.mogg_fixed.mogg_extract,14|15
Oasis - Bag It Up.mogg_fixed.mogg_extract,14|15
Oasis - Don't Look Back In Anger.mogg_fixed.mogg_extract,8|9
Oasis - Falling Down.mogg_fixed.mogg_extract,14|15
Oasis - I'm Outta Time.mogg_fixed.mogg_extract,14|15
Oasis - Live Forever.mogg_fixed.mogg_extract,9|10
Oasis - Rock N' Roll Star.mogg_fixed.mogg_extract,9|10
Oasis - Soldier On.mogg_fixed.mogg_extract,12|13
Oasis - Some Might Say.mogg_fixed.mogg_extract,12|13
Oasis - The Nature Of Reality.mogg_fixed.mogg_extract,14|15
Oasis - The Shock Of The Lightning.mogg_fixed.mogg_extract,14|15
Oasis - The Turning.mogg_fixed.mogg_extract,12|13
Oasis - To Be Where There's Life.mogg_fixed.mogg_extract,14|15
Oasis - Waiting For The Rapture.mogg_fixed.mogg_extract,14|15
Oasis - Wonderwall.mogg_fixed.mogg_extract,8|9
Oasis -The Nature Of Reality.mogg_fixed.mogg_extract,14|15
OK Go - Get Over It.mogg_fixed.mogg_extract,14|15
OK Go - Here It Goes Again.mogg_fixed.mogg_extract,14|15
OneRepublic - All The Right Moves.mogg_fixed.mogg_extract,14|15
OneRepublic - Mercy.mogg_fixed.mogg_extract,14|15
OneRepublic - Stop And Stare.mogg_fixed.mogg_extract,14|15
Opiate For The Masses - Burn You Down.mogg_fixed.mogg_extract,1|2|7|8
Orgy - Blue Monday.mogg_fixed.mogg_extract,14|15
Orianthi - Suffocated.mogg_fixed.mogg_extract,7|8
Outlaws - Green Grass and High Tides (cover).mogg_fixed.mogg_extract,8|9
Owl City - Fireflies.mogg_fixed.mogg_extract,14|15
Ozzy Osbourne - Bark at the Moon.mogg_fixed.mogg_extract,12|13
Ozzy Osbourne - Crazy Train.mogg_fixed.mogg_extract,12|13
Ozzy Osbourne - Diary Of A Madman.mogg_fixed.mogg_extract,6|7
Ozzy Osbourne - Flying High Again.mogg_fixed.mogg_extract,6|7
Ozzy Osbourne - I Don't Know.mogg_fixed.mogg_extract,6|7
Ozzy Osbourne - Mama I'm Coming Home.mogg_fixed.mogg_extract,6|7
Ozzy Osbourne - Mr. Crowley.mogg_fixed.mogg_extract,12|13
Ozzy Osbourne - Over The Mountain.mogg_fixed.mogg_extract,6|7
Ozzy Osbourne - Steal Away (The Night).mogg_fixed.mogg_extract,6|7
P.O.D. - Youth Of The Nation.mogg_fixed.mogg_extract,12|13
Panic At The Disco - Nine in the Afternoon.mogg_fixed.mogg_extract,9|10
Pantera - Cowbells from Hell (Live).mogg_fixed.mogg_extract,12|13
Pantera - I'm Broken.mogg_fixed.mogg_extract,7|8
Pantera - Walk.mogg_fixed.mogg_extract,8|9
Papa Roach - Last Resort.mogg_fixed.mogg_extract,14|15
Papa Roach - Lifeline.mogg_fixed.mogg_extract,14|15
Parachute - Back Again.mogg_fixed.mogg_extract,14|15
Paramore - Crushcrushcrush.mogg_fixed.mogg_extract,8|9|10|11
Paramore - Misery Business.mogg_fixed.mogg_extract,12|13
Paramore - That's What You Get.mogg_fixed.mogg_extract,8|9|12|13
Pat Benatar - Heartbreaker.mogg_fixed.mogg_extract,12|13
Pat Benatar - Hit Me With Your Best Shot.mogg_fixed.mogg_extract,12|13
Pat Benatar - Love Is A Battlefield.mogg_fixed.mogg_extract,12|13
Pavement - Cut Your Hair.mogg_fixed.mogg_extract,14|15
Pearl Jam - Alive.mogg_fixed.mogg_extract,10|11
Pearl Jam - Black.mogg_fixed.mogg_extract,9|10
Pearl Jam - Oceans.mogg_fixed.mogg_extract,8|9
Pearl Jam - Once.mogg_fixed.mogg_extract,8|9
Pearl Jam - Release.mogg_fixed.mogg_extract,8|9
Pepper - Wake Up.mogg_fixed.mogg_extract,6|7
Pepper - Your Face.mogg_fixed.mogg_extract,6|7
Peter Frampton - Do You Feel Like We Do (Live).mogg_fixed.mogg_extract,7|8
Peter Frampton - Show Me The Way (live).mogg_fixed.mogg_extract,14|15
Phish - Chalk Dust Torture (live).mogg_fixed.mogg_extract,14|15
Phish - Down With Disease (live).mogg_fixed.mogg_extract,14|15
Phish - Llama.mogg_fixed.mogg_extract,13|14
Phish - Sample In A Jar (live).mogg_fixed.mogg_extract,14|15
Pixies - Debaser.mogg_fixed.mogg_extract,7|8|9|10|11|12
Pixies - Gouge Away.mogg_fixed.mogg_extract,9|10
Pixies - Hey.mogg_fixed.mogg_extract,9|10|11|12
Pixies - Wave of Mutilation.mogg_fixed.mogg_extract,9|10
Placebo - Julien.mogg_fixed.mogg_extract,8|9
Placebo - The Bitter End.mogg_fixed.mogg_extract,14|15
Plain White T's - Natural Disaster.mogg_fixed.mogg_extract,6|7
Platero y Tu - Hay Poco Rock N Roll.mogg_fixed.mogg_extract,8|9|10|11
Plushgun - How We Roll.mogg_fixed.mogg_extract,6|7
Poison - Every Rose Has Its Thorn.mogg_fixed.mogg_extract,14|15
Poison - Nothin' but a Good Time.mogg_fixed.mogg_extract,12|13
Poison - Talk Dirty To Me.mogg_fixed.mogg_extract,7|8
Poison - Unskinny Bop.mogg_fixed.mogg_extract,7|8
Police - Message in a Bottle.mogg_fixed.mogg_extract,7|8|9|10
Poni Hoax - Antibodies.mogg_fixed.mogg_extract,9|10
Presidents Of The United States Of America - Dune Buggy.mogg_fixed.mogg_extract,8|9|10|11
Presidents Of The United States Of America - Lump.mogg_fixed.mogg_extract,9|10|11|12
Primus - Jerry Was A Race Car Driver.mogg_fixed.mogg_extract,8|9
Protest The Hero - Bloodmeat.mogg_fixed.mogg_extract,14|15
Public Enemy Featuring Zakk Wylde - Bring the Noise 20XX.mogg_fixed.mogg_extract,7|8
Puddle Of Mudd - Psycho.mogg_fixed.mogg_extract,7|8
Queen - Crazy Little Thing Called Love.mogg_fixed.mogg_extract,3|4|8|9
Queen - I Want It All.mogg_fixed.mogg_extract,12|13
Queen - One Vision.mogg_fixed.mogg_extract,12|13
Queen - We Will Rock You.mogg_fixed.mogg_extract,6|7
Queen & David Bowie - Under Pressure.mogg_fixed.mogg_extract,10|11
Queens Of The Stone Age - 3's & 7's.mogg_fixed.mogg_extract,5|6
Queens Of The Stone Age - Little Sister.mogg_fixed.mogg_extract,9|10
Queens Of The Stone Age - Mexicola.mogg_fixed.mogg_extract,14|15
"Queens Of the Stone Age - Sick, Sick, Sick.mogg_fixed.mogg_extract",10|11
Queensrÿche - Jet City Woman.mogg_fixed.mogg_extract,7|8
R.E.M. - Horse To Water.mogg_fixed.mogg_extract,14|15
R.E.M. - Losing My Religion.mogg_fixed.mogg_extract,7|8
R.E.M. - Man On The Moon.mogg_fixed.mogg_extract,8|9
R.E.M. - Man-Sized Wreath.mogg_fixed.mogg_extract,14|15
R.E.M. - Supernatural Superserious.mogg_fixed.mogg_extract,14|15
R.E.M. - The One I Love.mogg_fixed.mogg_extract,12|13
"R.E.M. - What's The Frequency, Kenneth.mogg_fixed.mogg_extract",5|6|7|8
Radio Futura - Escuela De Calor.mogg_fixed.mogg_extract,12|13
Radio Futura - Escuela de Calor.mogg_fixed.mogg_extract,12|13
Radiohead - My Iron Lung.mogg_fixed.mogg_extract,8|9
Radiohead - Reckoner.mogg_fixed.mogg_extract,8|9
Rage Against The Machine - Bulls On Parade.mogg_fixed.mogg_extract,0|1|6|7
Rage Against The Machine - Guerilla Radio.mogg_fixed.mogg_extract,10|11
Rage Against The Machine - Testify.mogg_fixed.mogg_extract,8|9
Ram Jam - Black Betty.mogg_fixed.mogg_extract,14|15
Rammstein - Du Hast.mogg_fixed.mogg_extract,12|13
Rammstein - Waidmanns Heil.mogg_fixed.mogg_extract,7|8
Ramones - I Wanna Be Sedated.mogg_fixed.mogg_extract,10|11
Ramones - Teenage Lobotomy.mogg_fixed.mogg_extract,7|8
Ramones - Theme from Spiderman.mogg_fixed.mogg_extract,7|8
Rancid - Ruby Soho.mogg_fixed.mogg_extract,14|15
Rascal Flatts - Me and My Gang.mogg_fixed.mogg_extract,14|15
Ratt - Round and Round.mogg_fixed.mogg_extract,12|13
Raveonettes - Last Dance.mogg_fixed.mogg_extract,10|11
Ray Parker Jr. - Ghostbusters.mogg_fixed.mogg_extract,9|10|11|12
Razorlight - Stumble and Fall.mogg_fixed.mogg_extract,8|9
Red Hot Chili Peppers - Apache Rose Peacock.mogg_fixed.mogg_extract,9|10|11|12
Red Hot Chili Peppers - Blood Sugar Sex Magik.mogg_fixed.mogg_extract,9|10|11|12
Red Hot Chili Peppers - Breaking The Girl.mogg_fixed.mogg_extract,2|3|9|10
Red Hot Chili Peppers - Funky Monks.mogg_fixed.mogg_extract,6|7
Red Hot Chili Peppers - Give It Away.mogg_fixed.mogg_extract,8|9
Red Hot Chili Peppers - I Could Have Lied.mogg_fixed.mogg_extract,9|10
Red Hot Chili Peppers - Mellowship Slinky in B Major.mogg_fixed.mogg_extract,9|10|11|12
Red Hot Chili Peppers - My Lovely Man.mogg_fixed.mogg_extract,9|10
Red Hot Chili Peppers - Naked in the Rain.mogg_fixed.mogg_extract,5|6|7|8
Red Hot Chili Peppers - Suck My Kiss.mogg_fixed.mogg_extract,7|8
Red Hot Chili Peppers - Tell Me Baby.mogg_fixed.mogg_extract,2|3|9|10|11|12
Red Hot Chili Peppers - The Greeting Song.mogg_fixed.mogg_extract,7|8
Red Hot Chili Peppers - They're Red Hot.mogg_fixed.mogg_extract,7|8
Red Hot Chili Peppers - Under the Bridge.mogg_fixed.mogg_extract,9|10
Red Rider - Lunatic Fringe.mogg_fixed.mogg_extract,7|8
REM - Orange Crush.mogg_fixed.mogg_extract,9|10|13|14
REM - The One I Love.mogg_fixed.mogg_extract,12|13
Rev Theory - Light It Up.mogg_fixed.mogg_extract,14|15
Rick Springfield - Jessie's Girl.mogg_fixed.mogg_extract,14|15
Rilo Kiley - Portions for Foxes.mogg_fixed.mogg_extract,13|14
Rise Against - Audience Of One.mogg_fixed.mogg_extract,14|15
Rise Against - Death Blossoms.mogg_fixed.mogg_extract,14|15
Rise Against - Give It All.mogg_fixed.mogg_extract,7|8|10|11
Rise Against - Re-Education (Through Labor).mogg_fixed.mogg_extract,12|13
Rise Against - Ready To Fall.mogg_fixed.mogg_extract,14|15
Rise Against - Savior.mogg_fixed.mogg_extract,7|8
Riverboat Gamblers - Don't Bury Me... I'm Still Not Dead.mogg_fixed.mogg_extract,10|11
Rob Zombie - Dragula.mogg_fixed.mogg_extract,5|6
Rob Zombie - Sick Bubblegum.mogg_fixed.mogg_extract,10|11
Rob Zombie - Werewolf Baby.mogg_fixed.mogg_extract,11|12
Robbie Williams - Advertising Space.mogg_fixed.mogg_extract,0|1
Robbie Williams and Kylie Minogue - Kids.mogg_fixed.mogg_extract,14|15
Rocky Horror Picture Show - Hot Pootatie.mogg_fixed.mogg_extract,7|8
Rocky Horror Picture Show - Sweet Transvestite.mogg_fixed.mogg_extract,7|8
Rocky Horror Picture Show - Time Warp.mogg_fixed.mogg_extract,5|6
Rogue Traders - Watching You.mogg_fixed.mogg_extract,12|13|14|15
Rolling Stones - Gimme Shelter.mogg_fixed.mogg_extract,5|6
Rose Hill Drive - Sneak Out.mogg_fixed.mogg_extract,4|5|7|8
Roxette - The Look.mogg_fixed.mogg_extract,10|11
Roy Orbison - Oh Pretty Woman.mogg_fixed.mogg_extract,14|15
Run DMC - King Of Rock.mogg_fixed.mogg_extract,8|9
Rush - Closer to the Heart.mogg_fixed.mogg_extract,4|5|6|7|8|9
Rush - Limelight.mogg_fixed.mogg_extract,3|4|5|6
Rush - Oracle The Dream.mogg_fixed.mogg_extract,7|8
Rush - Presentation.mogg_fixed.mogg_extract,7|8
Rush - Red Barchetta.mogg_fixed.mogg_extract,6|7
Rush - Soliloquy.mogg_fixed.mogg_extract,7|8
Rush - The Camera Eye.mogg_fixed.mogg_extract,5|6
Rush - The Trees.mogg_fixed.mogg_extract,6|7
Rush - Tom Sawyer.mogg_fixed.mogg_extract,5|6
Rush - Vital Signs.mogg_fixed.mogg_extract,6|7
Rush - Witch Hunt (Part III Of Fear).mogg_fixed.mogg_extract,5|6
Rush - Witch Hunt.mogg_fixed.mogg_extract,5|6
Rush - Working Man.mogg_fixed.mogg_extract,5|6
RX Bandits - It's Only Another Parsec....mogg_fixed.mogg_extract,7|8
Ryan Adams - Wonderwall.mogg_fixed.mogg_extract,2|3
Saliva - Always.mogg_fixed.mogg_extract,7|8
Samhain - Mother Of Mercy.mogg_fixed.mogg_extract,14|15
Santana - Black Magic Woman.mogg_fixed.mogg_extract,10|11
Santigold - L.E.S. Artistes.mogg_fixed.mogg_extract,14|15
Saving Abel - Addicted.mogg_fixed.mogg_extract,14|15
Scars On Broadway - They Say.mogg_fixed.mogg_extract,12|13
Scott McKeon - Broken Man.mogg_fixed.mogg_extract,14|15
Screaming Trees - Nearly Lost You.mogg_fixed.mogg_extract,7|8
Seether - Country Song.mogg_fixed.mogg_extract,10|11
Selena Gomez & The Scene - Falling Down.mogg_fixed.mogg_extract,14|15
Semi Precious Weapons - Magnetic Baby.mogg_fixed.mogg_extract,7|8
Senses Fail - The Martyr.mogg_fixed.mogg_extract,14|15
Sex Pistols - Pretty Vacant.mogg_fixed.mogg_extract,12|13
Shadows Fall - Still I Rise.mogg_fixed.mogg_extract,14|15
She Wants Revenge - Take The World.mogg_fixed.mogg_extract,10|11
Shinedown - Devour.mogg_fixed.mogg_extract,8|9
Shinedown - Junkies for Fame.mogg_fixed.mogg_extract,8|9
Shinedown - Second Chance.mogg_fixed.mogg_extract,14|15
Shinedown - Sound Of Madness.mogg_fixed.mogg_extract,14|15
Silverchair - Tomorrow.mogg_fixed.mogg_extract,6|7
Silverchair - Tuna In The Brine.mogg_fixed.mogg_extract,0|1
Silverstein - I Am The Arsonist.mogg_fixed.mogg_extract,14|15
Silversun Pickups - Lazy Eye.mogg_fixed.mogg_extract,12|13
Silversun Pickups - Panic Switch.mogg_fixed.mogg_extract,14|15
SixxAM - Life Is Beautiful.mogg_fixed.mogg_extract,7|8
Slash - Nothing To Say.mogg_fixed.mogg_extract,6|7
Slash - Watch This.mogg_fixed.mogg_extract,5|6
Slash feat. Ian Astbury - Ghost.mogg_fixed.mogg_extract,7|8
Slayer - Chemical Warfare.mogg_fixed.mogg_extract,7|8
Slayer - War Ensemble.mogg_fixed.mogg_extract,14|15
Slipknot - Before I Forget.mogg_fixed.mogg_extract,12|13
Slipknot - Psychosocial.mogg_fixed.mogg_extract,7|8
Smash Mouth - Walkin' on the Sun.mogg_fixed.mogg_extract,11|12
Smashing Pumpkins - 1979.mogg_fixed.mogg_extract,12|13
Smashing Pumpkins - Cherub Rock.mogg_fixed.mogg_extract,7|8
Smashing Pumpkins - G.L.O.W.mogg_fixed.mogg_extract,14|15
Smashing Pumpkins - Siva.mogg_fixed.mogg_extract,8|9
Smashing Pumpkins - The Everlasting Gaze.mogg_fixed.mogg_extract,14|15
Smashing Pumpkins - Today.mogg_fixed.mogg_extract,12|13
Snot - Deadfall.mogg_fixed.mogg_extract,7|8
Snow Patrol - Hands Open.mogg_fixed.mogg_extract,7|8
Snow Patrol - Take Back The City.mogg_fixed.mogg_extract,14|15
Snow Patrol - You're All I Have.mogg_fixed.mogg_extract,14|15
Social Distortion - I Was Wrong.mogg_fixed.mogg_extract,7|8
Social Distortion - Mommy's Little Monster (live).mogg_fixed.mogg_extract,14|15
Sonic Youth - Kool Thing.mogg_fixed.mogg_extract,8|9
Sonic Youth - Teen Age Riot.mogg_fixed.mogg_extract,8|9
Sonic Youth - Teenage Riot.mogg_fixed.mogg_extract,8|9
Soundgarden - Birth Ritual.mogg_fixed.mogg_extract,6|7
Soundgarden - Black Hole Sun.mogg_fixed.mogg_extract,1|2|8|9
Soundgarden - Black Rain.mogg_fixed.mogg_extract,7|8
Soundgarden - Burden In My Hand.mogg_fixed.mogg_extract,6|7
Soundgarden - Fell On Black Days.mogg_fixed.mogg_extract,6|7
Soundgarden - Hunted Down.mogg_fixed.mogg_extract,7|8
Soundgarden - Jesus Christ Pose.mogg_fixed.mogg_extract,6|7
Soundgarden - My Wave.mogg_fixed.mogg_extract,7|8
Soundgarden - Outshined.mogg_fixed.mogg_extract,6|7
Soundgarden - Rusty Cage.mogg_fixed.mogg_extract,7|8
Soundgarden - Spoonman.mogg_fixed.mogg_extract,8|9
Soundgarden -Spoonman.mogg_fixed.mogg_extract,8|9
Spice Girls - Wannabe.mogg_fixed.mogg_extract,14|15
Spinal Tap - Short and Sweet.mogg_fixed.mogg_extract,7|8
Sponge - Plowed.mogg_fixed.mogg_extract,7|8
"Sportfreunde Stiller - '54, '74, '90, 2010.mogg_fixed.mogg_extract",14|15
Squeeze - Cool for Cats.mogg_fixed.mogg_extract,10|11
Squeeze - Tempted.mogg_fixed.mogg_extract,10|11
Staind - This is It.mogg_fixed.mogg_extract,9|10
Stan Bush - The Touch.mogg_fixed.mogg_extract,14|15
Static-X - Push It.mogg_fixed.mogg_extract,9|10
Steely Dan - Black Friday.mogg_fixed.mogg_extract,14|15
Steely Dan - Do It Again.mogg_fixed.mogg_extract,12|13
Steely Dan - Kid Charlemagne.mogg_fixed.mogg_extract,14|15
Sterns - Supreme Girl.mogg_fixed.mogg_extract,7|8
Steve Harley & Cockney Rebel - Make Me Smile (Come Up and See Me).mogg_fixed.mogg_extract,7|8
Steve Miller Band - Fly Like an Eagle.mogg_fixed.mogg_extract,13|14
Steve Miller Band - Rock 'N Me.mogg_fixed.mogg_extract,1|2|8|9|12|13
Steve Miller Band - Rock'n Me.mogg_fixed.mogg_extract,8|9|10|11|12|13
Steve Miller Band - Take The Money And Run.mogg_fixed.mogg_extract,14|15
Stevie Nicks with Tom Petty - Stop Dragging My Heart Around.mogg_fixed.mogg_extract,10|11
Stevie Ray Vaughn and Double Trouble - Dirty Pool.mogg_fixed.mogg_extract,10|11
Stevie Ray Vaughn and Double Trouble - Love Struck Baby.mogg_fixed.mogg_extract,9|10
Stevie Ray Vaughn and Double Trouble - Pride And Joy.mogg_fixed.mogg_extract,10|11
Stevie Ray Vaughn and Double Trouble - Texas Flood.mogg_fixed.mogg_extract,9|10
Sting - Demolition Man (live).mogg_fixed.mogg_extract,12|13
Stone Temple Pilots - Adhesive.mogg_fixed.mogg_extract,10|11
Stone Temple Pilots - Between The Lines.mogg_fixed.mogg_extract,14|15
Stone Temple Pilots - Bi-Polar Bear.mogg_fixed.mogg_extract,14|15
Stone Temple Pilots - Huckleberry Crumble.mogg_fixed.mogg_extract,8|9
Stone Temple Pilots - Interstate Love Song.mogg_fixed.mogg_extract,1|2|8|9|10|11
Stone Temple Pilots - Plush.mogg_fixed.mogg_extract,2|3|14|15
Stone Temple Pilots - Sex Type Thing.mogg_fixed.mogg_extract,14|15
Stone Temple Pilots - Trippin' on a Hole In a Paper Heart.mogg_fixed.mogg_extract,12|13
Stone Temple Pilots - Vasoline.mogg_fixed.mogg_extract,2|3|9|10
Street Sweeper Social Club - 100 Little Curses.mogg_fixed.mogg_extract,12|13
"Street Sweeper Social Club - Somewhere In The World, It's Midnight.mogg_fixed.mogg_extract",14|15
Strung Out - Calling.mogg_fixed.mogg_extract,7|8
Stuck In The Sound - Toy Boy.mogg_fixed.mogg_extract,12|13
Styx - Mr. Roboto.mogg_fixed.mogg_extract,14|15
Styx - Renegade.mogg_fixed.mogg_extract,7|8
Sublime - Santeria.mogg_fixed.mogg_extract,12|13|16|17
Sublime - What I Got.mogg_fixed.mogg_extract,7|8
Suicidal Tendencies - War Inside My Head.mogg_fixed.mogg_extract,14|15
Sum 41 - Fat Lip.mogg_fixed.mogg_extract,14|15
Sum 41 - In Too Deep.mogg_fixed.mogg_extract,12|13
Sum 41 - Motivation.mogg_fixed.mogg_extract,7|8
Sum 41 - Still Waiting.mogg_fixed.mogg_extract,14|15
Supergrass - Grace.mogg_fixed.mogg_extract,7|8
Survivor - Eye of the Tiger.mogg_fixed.mogg_extract,12|13
Sweet - Ballroom Blitz (cover).mogg_fixed.mogg_extract,9|10|11|12
Swingin' Utters - This Bastard's Life.mogg_fixed.mogg_extract,12|13
System Of A Down - B.Y.O.B.mogg_fixed.mogg_extract,12|13
System of a Down - Byob.mogg_fixed.mogg_extract,12|13
System Of A Down - Chop Suey!.mogg_fixed.mogg_extract,9|10|13|14
System Of A Down - Toxicity.mogg_fixed.mogg_extract,14|15
T. Rex - 20th Century Boy.mogg_fixed.mogg_extract,13|14
T. Rex - Bang a Gong (Get It On).mogg_fixed.mogg_extract,9|10|11|12
Talking Heads - Once In A Lifetime.mogg_fixed.mogg_extract,6|7
Talking Heads - Psycho Killer.mogg_fixed.mogg_extract,8|9
Taylor Swift - Love Story.mogg_fixed.mogg_extract,14|15
Taylor Swift - You Belong With Me.mogg_fixed.mogg_extract,14|15
Tears for Fears - Everybody Wants to Rule the World.mogg_fixed.mogg_extract,12|13
Ted Nugent - Stranglehold.mogg_fixed.mogg_extract,12|13
Tegan and Sara - The Con.mogg_fixed.mogg_extract,11|12
Tenacious D - Master Exploder.mogg_fixed.mogg_extract,12|13
Tenacious D - Rock Your Socks.mogg_fixed.mogg_extract,7|8
Tenacious D - Tribute.mogg_fixed.mogg_extract,8|9
Tesla - Love Song.mogg_fixed.mogg_extract,7|8
Tesla - Modern Day Cowboy.mogg_fixed.mogg_extract,7|8
Testament - Souls Of Black.mogg_fixed.mogg_extract,8|9
The Dandy Warhols - Bohemian Like You.mogg_fixed.mogg_extract,8|9
The Devil Wears Prada - Dez Moines.mogg_fixed.mogg_extract,14|15
The Dillinger Escape Plan - Setting Fire to Sleeping Giants.mogg_fixed.mogg_extract,7|8
The Donnas - New Kid In School.mogg_fixed.mogg_extract,8|9
The Donnas - Take It Off.mogg_fixed.mogg_extract,12|13
The Doobie Brothers - China Grove.mogg_fixed.mogg_extract,12|13
The Doobie Brothers - Listen To The Music.mogg_fixed.mogg_extract,12|13
The Doors - Break On Through (To the Other Side).mogg_fixed.mogg_extract,8|9
The Doors - Light My Fire.mogg_fixed.mogg_extract,8|9
The Doors - Love Her Madly.mogg_fixed.mogg_extract,8|9|10|11
The Doors - Love Me Two Times.mogg_fixed.mogg_extract,12|13
The Doors - Riders On The Storm.mogg_fixed.mogg_extract,9|10
The Doors - Roadhouse Blues.mogg_fixed.mogg_extract,9|10
The Doors - Soul Kitchen.mogg_fixed.mogg_extract,9|10
The Doors - The Crystal Ship.mogg_fixed.mogg_extract,9|10
The Enemy - Aggro.mogg_fixed.mogg_extract,12|13
The Exies - Hey You.mogg_fixed.mogg_extract,12|13
The Expendables - Sacrifice.mogg_fixed.mogg_extract,14|15
The Faint - The Geeks Were Right.mogg_fixed.mogg_extract,14|15
The Fall Of Troy - A Classic Case Of Transference.mogg_fixed.mogg_extract,14|15
The Fall Of Troy - Single.mogg_fixed.mogg_extract,14|15
The Go-Gos - Our Lips Are Sealed.mogg_fixed.mogg_extract,14|15
The Go-Gos - We Got The Beat.mogg_fixed.mogg_extract,14|15
The Guess Who - American Woman.mogg_fixed.mogg_extract,12|13
The Haunted - D.O.A..mogg_fixed.mogg_extract,7|8
The Hives - Main Offender.mogg_fixed.mogg_extract,7|8|11|12
The Hives - Tick Tick Boom.mogg_fixed.mogg_extract,9|10|11|12
The Janitors - Get Your Rock On.mogg_fixed.mogg_extract,5|6|7|8
The Jimi Hendrix Experience - Ain't No Tellin'.mogg_fixed.mogg_extract,7|8
The Jimi Hendrix Experience - Castles Made Of Sand.mogg_fixed.mogg_extract,7|8
The Jimi Hendrix Experience - Foxey Lady.mogg_fixed.mogg_extract,7|8
The Jimi Hendrix Experience - Highway Chile.mogg_fixed.mogg_extract,7|8
The Jimi Hendrix Experience - Manic Depression.mogg_fixed.mogg_extract,0|1
The Jimi Hendrix Experience - May This Be Love.mogg_fixed.mogg_extract,7|8
The Jimi Hendrix Experience - Purple Haze.mogg_fixed.mogg_extract,8|9
The Jimi Hendrix Experience - She's So Fine.mogg_fixed.mogg_extract,7|8
The Jimi Hendrix Experience - Spanish Castle Magic.mogg_fixed.mogg_extract,7|8
The Jimi Hendrix Experience - Valleys Of Neptune.mogg_fixed.mogg_extract,6|7
The Killers - Human.mogg_fixed.mogg_extract,14|15
The Killers - Losing Touch.mogg_fixed.mogg_extract,14|15
The Killers - Mr. Brightside.mogg_fixed.mogg_extract,14|15
The Killers - Somebody Told Me.mogg_fixed.mogg_extract,10|11
The Killers - Spaceman.mogg_fixed.mogg_extract,10|11
The Kooks - Naive.mogg_fixed.mogg_extract,14|15
The Last Goodnight - Pictures Of You.mogg_fixed.mogg_extract,14|15
The Len Price 3 - If I Ain't Got You.mogg_fixed.mogg_extract,6|7|8|9
The Living End - Prisoner Of Society.mogg_fixed.mogg_extract,12|13
The Main Drag - A Jagged Gorgeous Winter.mogg_fixed.mogg_extract,5|6|7|8
The Mars Volta - L'Via L'Viaquez.mogg_fixed.mogg_extract,12|13
The Material - Moving To Seattle.mogg_fixed.mogg_extract,8|9
The Mighty Mighty Bosstones - The Impression That I Get.mogg_fixed.mogg_extract,14|15
The Mighty Mighty Bosstones - Whered You Go.mogg_fixed.mogg_extract,7|8|9|10
The Mother Hips - Red Tandy.mogg_fixed.mogg_extract,7|8
The Mother Hips - Time We Had.mogg_fixed.mogg_extract,8|9|10|11
The Mother Hips - Time-Sick Son Of A Grizzly Bear.mogg_fixed.mogg_extract,7|8|9|10
The Muffs - Kids In America.mogg_fixed.mogg_extract,9|10
The Muffs - Outer Space.mogg_fixed.mogg_extract,9|10
The Naked Brothers Band - Body I Occupy.mogg_fixed.mogg_extract,6|7
The Naked Brothers Band - I Don't Want To Go To School.mogg_fixed.mogg_extract,6|7
The Offspring - Come Out and Play.mogg_fixed.mogg_extract,9|10
The Offspring - Gone Away.mogg_fixed.mogg_extract,1|2|8|9
The Offspring - Hammerhead.mogg_fixed.mogg_extract,9|10|11|12
The Offspring - Pretty Fly (For a White Guy).mogg_fixed.mogg_extract,12|13
The Offspring - Self Esteem.mogg_fixed.mogg_extract,8|9
The Police - Can't Stand Losing You.mogg_fixed.mogg_extract,10|11|12|13
The Police - Don't Stand So Close to Me.mogg_fixed.mogg_extract,12|13
The Police - Every Breath You Take.mogg_fixed.mogg_extract,14|15
The Police - Every Little Thing She Does Is Magic.mogg_fixed.mogg_extract,8|9
The Police - Message In a Bottle.mogg_fixed.mogg_extract,12|13
The Police - So Lonely.mogg_fixed.mogg_extract,7|8
The Police - Synchronicity II.mogg_fixed.mogg_extract,8|9|10|11
The Police - Truth Hits Everybody.mogg_fixed.mogg_extract,8|9|10|11
The Pretenders - Blue Christmas.mogg_fixed.mogg_extract,5|6
The Primitives - Crash.mogg_fixed.mogg_extract,9|10
The Psychedelic Furs - Pretty In Pink.mogg_fixed.mogg_extract,8|9
The Raconteurs - Consolers Of The Lonely.mogg_fixed.mogg_extract,12|13
The Raconteurs - Hold Up.mogg_fixed.mogg_extract,14|15
The Raconteurs - Salute Your Solution.mogg_fixed.mogg_extract,12|13
The Rasmus - In The Shadows.mogg_fixed.mogg_extract,14|15
The Replacements - Alex Chilton.mogg_fixed.mogg_extract,9|10|11|12
The Rolling Stones - Gimme Shelter.mogg_fixed.mogg_extract,5|6
The Rolling Stones - Honky Tonk Women.mogg_fixed.mogg_extract,14|15
The Rolling Stones - Sympathy For The Devil.mogg_fixed.mogg_extract,7|8
The Runaways - Cherry Bomb.mogg_fixed.mogg_extract,7|8
The Shins - New Slang.mogg_fixed.mogg_extract,10|11
The Sleeping - Bomb The World.mogg_fixed.mogg_extract,14|15
The Smashing Pumpkins - Today.mogg_fixed.mogg_extract,12|13
The Smiths - Stop Me If You Think You've Heard This One Before.mogg_fixed.mogg_extract,12|13
The Sterns - Supreme Girl.mogg_fixed.mogg_extract,7|8
The Sword - Black River.mogg_fixed.mogg_extract,14|15
The Sword - Freya.mogg_fixed.mogg_extract,12|13
"The Sword - Maiden, Mother & Crone.mogg_fixed.mogg_extract",7|8
The Turtles - Happy Together.mogg_fixed.mogg_extract,14|15
The Used - The Taste Of Ink.mogg_fixed.mogg_extract,14|15
The Vines - Get Free.mogg_fixed.mogg_extract,9|10
The Vines - Outtathaway!.mogg_fixed.mogg_extract,14|15
The Von Bondies - C'mon C'mon.mogg_fixed.mogg_extract,7|8
The White Stripes - Blue Orchid.mogg_fixed.mogg_extract,7|8
The White Stripes - Fell In Love With A Girl.mogg_fixed.mogg_extract,5|6
The White Stripes - The Hardest Button to Button.mogg_fixed.mogg_extract,7|8
The Who - Eminence Front.mogg_fixed.mogg_extract,7|8
The Who - I Can See For Miles.mogg_fixed.mogg_extract,6|7
The Who - Leaving Here.mogg_fixed.mogg_extract,6|7|8|9
The Who - My Generation (Live).mogg_fixed.mogg_extract,6|7|8|9
The Who - Pinball Wizard.mogg_fixed.mogg_extract,5|6|9|10
The Who - Real Good Looking Boy.mogg_fixed.mogg_extract,5|6
The Who - Who Are You.mogg_fixed.mogg_extract,5|6
The Who - Won't Get Fooled Again.mogg_fixed.mogg_extract,5|6
The Who - Young Man Blues (Live).mogg_fixed.mogg_extract,6|7
Them Terribles - Bullets & Guns.mogg_fixed.mogg_extract,8|9|10|11
Thenewno2 - Crazy Tuesday.mogg_fixed.mogg_extract,7|8
Thenewno2 - Yomp.mogg_fixed.mogg_extract,7|8
Thin Lizzy - Jailbreak.mogg_fixed.mogg_extract,7|8
Thin Lizzy - The Boys Are Back In Town.mogg_fixed.mogg_extract,14|15
Third Eye Blind - Can You Take Me.mogg_fixed.mogg_extract,14|15
Third Eye Blind - Graduate.mogg_fixed.mogg_extract,7|8
Third Eye Blind - Jumper '09.mogg_fixed.mogg_extract,10|11
Third Eye Blind - Losing A Whole Year.mogg_fixed.mogg_extract,14|15
Third Eye Blind - Never Let You Go.mogg_fixed.mogg_extract,14|15
Third Eye Blind - Semi-Charmed Life.mogg_fixed.mogg_extract,12|13
Thrice - All The World Is Mad.mogg_fixed.mogg_extract,14|15
Thrice - Artist In The Ambulance.mogg_fixed.mogg_extract,26|27
Thrice - Deadbolt.mogg_fixed.mogg_extract,14|15
Tickle Me Pink - The Time Is Wrong.mogg_fixed.mogg_extract,9|10
Tokio Hotel - Monsoon.mogg_fixed.mogg_extract,12|13
"Tokio Hotel - Ready, Set, Go.mogg_fixed.mogg_extract",6|7
Tom Petty - Free Fallin'.mogg_fixed.mogg_extract,8|9
Tom Petty & The Heartbreakers - American Girl.mogg_fixed.mogg_extract,7|8
Tom Petty & The Heartbreakers - I Need to Know.mogg_fixed.mogg_extract,10|11
Tom Petty & The Heartbreakers - I Won't Back Down.mogg_fixed.mogg_extract,8|9
Tom Petty & The Heartbreakers - Listen to Her Heart.mogg_fixed.mogg_extract,7|8
Tom Petty & The Heartbreakers - Runnin' Down A Dream.mogg_fixed.mogg_extract,7|8
Tonic - If You Could Only See.mogg_fixed.mogg_extract,14|15
Trapt - Who's Going Home With You Tonight.mogg_fixed.mogg_extract,7|8
Tribe - Outside.mogg_fixed.mogg_extract,9|10
Triumph - Lay It On The Line.mogg_fixed.mogg_extract,12|13
Trust - Antisocial.mogg_fixed.mogg_extract,12|13
TV On The Radio - Wolf Like Me.mogg_fixed.mogg_extract,7|8
Twisted Sister - I Wanna Rock.mogg_fixed.mogg_extract,12|13
Twisted Sister - We're Not Gonna Take It.mogg_fixed.mogg_extract,7|8
Tyler Bryant - Who I Am.mogg_fixed.mogg_extract,14|15
"Underoath - Desperate Times, Desperate Measures.mogg_fixed.mogg_extract",8|9
Vagiant - Seven.mogg_fixed.mogg_extract,7|8|9|10
Vampire Weekend - A-Punk.mogg_fixed.mogg_extract,7|8
Vampire Weekend - Holiday.mogg_fixed.mogg_extract,14|15
Vampire Weekend - The Kids Don't Stand A Chance.mogg_fixed.mogg_extract,14|15
Van Halen - Ain't Talkin' Bout Love.mogg_fixed.mogg_extract,12|13
Van Halen - And the Cradle Will Rock....mogg_fixed.mogg_extract,12|13
Van Halen - Atomic Punk.mogg_fixed.mogg_extract,12|13
Van Halen - Beautiful Girls.mogg_fixed.mogg_extract,12|13
Van Halen - Dance the Night Away.mogg_fixed.mogg_extract,12|13
Van Halen - Everybody Wants Some!!.mogg_fixed.mogg_extract,12|13
Van Halen - Feel Your Love Tonight.mogg_fixed.mogg_extract,12|13
Van Halen - Hang 'Em High.mogg_fixed.mogg_extract,12|13
Van Halen - Hear About It Later.mogg_fixed.mogg_extract,12|13
Van Halen - Hot for Teacher.mogg_fixed.mogg_extract,12|13
Van Halen - I'm the One.mogg_fixed.mogg_extract,12|13
Van Halen - Ice Cream Man.mogg_fixed.mogg_extract,12|13
Van Halen - Intruder; (Oh) Pretty Woman.mogg_fixed.mogg_extract,12|13
Van Halen - Jamie's Cryin'.mogg_fixed.mogg_extract,12|13
Van Halen - Jump.mogg_fixed.mogg_extract,12|13
Van Halen - Little Guitars.mogg_fixed.mogg_extract,12|13
Van Halen - Loss of Control.mogg_fixed.mogg_extract,12|13
Van Halen - Mean Street.mogg_fixed.mogg_extract,12|13
Van Halen - Panama.mogg_fixed.mogg_extract,12|13
Van Halen - Romeo Delight.mogg_fixed.mogg_extract,12|13
Van Halen - Runnin' With the Devil.mogg_fixed.mogg_extract,12|13
Van Halen - So This Is Love.mogg_fixed.mogg_extract,12|13
Van Halen - Somebody Get Me a Doctor.mogg_fixed.mogg_extract,12|13
Van Halen - Unchained.mogg_fixed.mogg_extract,12|13
Van Halen - You Really Got Me.mogg_fixed.mogg_extract,12|13
Vanilla Ice - Ice Ice Baby.mogg_fixed.mogg_extract,6|7
Vanilla Sky - Break It Out.mogg_fixed.mogg_extract,14|15
Vesuvius - Promised Land.mogg_fixed.mogg_extract,8|9
Village People - YMCA.mogg_fixed.mogg_extract,14|15
Warrant - Cherry Pie.mogg_fixed.mogg_extract,12|13
Warren Zevon - Werewolves of London.mogg_fixed.mogg_extract,11|12
We The Kings - Check Yes Juliet.mogg_fixed.mogg_extract,8|9|10|11
Weezer - (If You're Wondering If I Want You To) I Want You To.mogg_fixed.mogg_extract,8|9
Weezer - Beverly Hills.mogg_fixed.mogg_extract,14|15
Weezer - Buddy Holly.mogg_fixed.mogg_extract,8|9|10|11
Weezer - Dope Nose.mogg_fixed.mogg_extract,12|13
Weezer - Dreamin'.mogg_fixed.mogg_extract,9|10
Weezer - El Scorcho.mogg_fixed.mogg_extract,7|8|9|10
Weezer - Hash Pipe.mogg_fixed.mogg_extract,7|8
Weezer - Island In The Sun.mogg_fixed.mogg_extract,12|13
Weezer - Perfect Situation.mogg_fixed.mogg_extract,6|7
Weezer - Pork And Beans.mogg_fixed.mogg_extract,14|15
Weezer - Say It Ain't So.mogg_fixed.mogg_extract,7|8
Weezer - Undone (The Sweater Song).mogg_fixed.mogg_extract,10|11
White Zombie - Thunder Kiss '65.mogg_fixed.mogg_extract,12|13
Whitesnake - Here I Go Again.mogg_fixed.mogg_extract,12|13
Who - My Generation.mogg_fixed.mogg_extract,6|7|8|9
Who - Pinball Wizard.mogg_fixed.mogg_extract,5|6|9|10
Who - Who Are You.mogg_fixed.mogg_extract,5|6
Who - Won't Get Fooled Again.mogg_fixed.mogg_extract,5|6
Wild Cherry - Play That Funky Music.mogg_fixed.mogg_extract,7|8
Willie Nelson - On The Road Again (live).mogg_fixed.mogg_extract,12|13
Wings - Band On The Run.mogg_fixed.mogg_extract,12|13
Wings - Helen Wheels.mogg_fixed.mogg_extract,9|10
Wings - Hi Hi Hi.mogg_fixed.mogg_extract,14|15
Wings - Jet.mogg_fixed.mogg_extract,14|15
Wings - Junior's Farm.mogg_fixed.mogg_extract,14|15
Wings - Let Me Roll It.mogg_fixed.mogg_extract,9|10
Wings - Maybe I'm Amazed.mogg_fixed.mogg_extract,9|10
Within Temptation - What Have You Done.mogg_fixed.mogg_extract,14|15
Wolfmother - Back Round.mogg_fixed.mogg_extract,7|8
Wolfmother - California Queen.mogg_fixed.mogg_extract,14|15
Wolfmother - Cosmic Egg.mogg_fixed.mogg_extract,14|15
Wolfmother - Dimension.mogg_fixed.mogg_extract,14|15
Wolfmother - Joker & the Thief.mogg_fixed.mogg_extract,8|9
Wolfmother - Joker And The Thief.mogg_fixed.mogg_extract,8|9
Wolfmother - Pilgrim.mogg_fixed.mogg_extract,14|15
Wolfmother - Woman.mogg_fixed.mogg_extract,12|13
ZZ Top - Gimme All Your Lovin.mogg_fixed.mogg_extract,12|13
